dataset_name,downloads,likes,tags,success
RoboCOIN/Cobot_Magic_twist_bottle_cap,1679,0,"['task_categories:robotics', 'language:en', 'language:zh', 'license:apache-2.0', 'size_categories:100K<n<1M', 'format:parquet', 'modality:tabular', 'modality:timeseries', 'modality:video', 'library:datasets', 'library:dask', 'library:mlcroissant', 'library:polars', 'arxiv:2511.17441', 'region:us', 'RoboCOIN', 'LeRobot']",True
RoboCOIN/AgiBot-g1_box_storage_cardboard_box_a,1605,0,"['task_categories:robotics', 'language:en', 'language:zh', 'license:apache-2.0', 'arxiv:2511.17441', 'region:us', 'RoboCOIN', 'LeRobot']",True
RoboCOIN/RMC-AIDA-L_desktop_organization,1347,0,"['task_categories:robotics', 'language:en', 'language:zh', 'license:apache-2.0', 'size_categories:1M<n<10M', 'format:parquet', 'modality:tabular', 'modality:timeseries', 'modality:video', 'library:datasets', 'library:dask', 'library:mlcroissant', 'library:polars', 'arxiv:2511.17441', 'region:us', 'RoboCOIN', 'LeRobot']",True
RoboCOIN/Cobot_Magic_pull_zipper,1342,0,"['task_categories:robotics', 'language:en', 'language:zh', 'license:apache-2.0', 'size_categories:100K<n<1M', 'format:parquet', 'modality:tabular', 'modality:timeseries', 'modality:video', 'library:datasets', 'library:dask', 'library:mlcroissant', 'library:polars', 'arxiv:2511.17441', 'region:us', 'RoboCOIN', 'LeRobot']",True
RoboCOIN/Cobot_Magic_pour_drink,1332,0,"['task_categories:robotics', 'language:en', 'language:zh', 'license:apache-2.0', 'size_categories:100K<n<1M', 'format:parquet', 'modality:tabular', 'modality:timeseries', 'modality:video', 'library:datasets', 'library:dask', 'library:mlcroissant', 'library:polars', 'arxiv:2511.17441', 'region:us', 'RoboCOIN', 'LeRobot']",True
RoboCOIN/Cobot_Magic_fold_clothes,1241,0,"['task_categories:robotics', 'language:en', 'language:zh', 'license:apache-2.0', 'size_categories:100K<n<1M', 'format:parquet', 'modality:tabular', 'modality:timeseries', 'modality:video', 'library:datasets', 'library:dask', 'library:mlcroissant', 'library:polars', 'arxiv:2511.17441', 'region:us', 'RoboCOIN', 'LeRobot']",True
RoboCOIN/Cobot_Magic_the_box_stores_table_tennis_balls,1173,0,"['task_categories:robotics', 'language:en', 'language:zh', 'license:apache-2.0', 'size_categories:100K<n<1M', 'format:parquet', 'modality:tabular', 'modality:timeseries', 'modality:video', 'library:datasets', 'library:dask', 'library:mlcroissant', 'library:polars', 'arxiv:2511.17441', 'region:us', 'RoboCOIN', 'LeRobot']",True
RoboCOIN/Cobot_Magic_steamer_storage_dumpling,1169,0,"['task_categories:robotics', 'language:en', 'language:zh', 'license:apache-2.0', 'size_categories:100K<n<1M', 'format:parquet', 'modality:tabular', 'modality:timeseries', 'modality:video', 'library:datasets', 'library:dask', 'library:mlcroissant', 'library:polars', 'arxiv:2511.17441', 'region:us', 'RoboCOIN', 'LeRobot']",True
RoboCOIN/leju_robot_hotel_services_e,1167,0,"['task_categories:robotics', 'language:en', 'language:zh', 'license:apache-2.0', 'size_categories:100K<n<1M', 'format:parquet', 'modality:tabular', 'modality:timeseries', 'modality:video', 'library:datasets', 'library:dask', 'library:mlcroissant', 'library:polars', 'arxiv:2511.17441', 'region:us', 'RoboCOIN', 'LeRobot']",True
RoboCOIN/leju_robot_pass_the_cleaner_c,1116,0,"['task_categories:robotics', 'language:en', 'language:zh', 'license:apache-2.0', 'size_categories:100K<n<1M', 'format:parquet', 'modality:tabular', 'modality:timeseries', 'modality:video', 'library:datasets', 'library:dask', 'library:mlcroissant', 'library:polars', 'arxiv:2511.17441', 'region:us', 'RoboCOIN', 'LeRobot']",True
RoboCOIN/leju_robot_pass_the_cleaner_b,1105,0,"['task_categories:robotics', 'language:en', 'language:zh', 'license:apache-2.0', 'size_categories:100K<n<1M', 'format:parquet', 'modality:tabular', 'modality:timeseries', 'modality:video', 'library:datasets', 'library:dask', 'library:mlcroissant', 'library:polars', 'arxiv:2511.17441', 'region:us', 'RoboCOIN', 'LeRobot']",True
RoboCOIN/leju_robot_pass_the_cleaner_e,1068,0,"['task_categories:robotics', 'language:en', 'language:zh', 'license:apache-2.0', 'size_categories:100K<n<1M', 'format:parquet', 'modality:tabular', 'modality:timeseries', 'modality:video', 'library:datasets', 'library:dask', 'library:mlcroissant', 'library:polars', 'arxiv:2511.17441', 'region:us', 'RoboCOIN', 'LeRobot']",True
RoboCOIN/RMC-AIDA-L_stack_baskets,1047,0,"['task_categories:robotics', 'language:en', 'language:zh', 'license:apache-2.0', 'size_categories:100K<n<1M', 'format:parquet', 'modality:tabular', 'modality:timeseries', 'modality:video', 'library:datasets', 'library:dask', 'library:mlcroissant', 'library:polars', 'arxiv:2511.17441', 'region:us', 'RoboCOIN', 'LeRobot']",True
RoboCOIN/leju_robot_pass_the_cleaner_d,1004,0,"['task_categories:robotics', 'language:en', 'language:zh', 'license:apache-2.0', 'size_categories:100K<n<1M', 'format:parquet', 'modality:tabular', 'modality:timeseries', 'modality:video', 'library:datasets', 'library:dask', 'library:mlcroissant', 'library:polars', 'arxiv:2511.17441', 'region:us', 'RoboCOIN', 'LeRobot']",True
RoboCOIN/Cobot_Magic_take_the_shoes_off_the_shelf,974,0,"['task_categories:robotics', 'language:en', 'language:zh', 'license:apache-2.0', 'size_categories:100K<n<1M', 'format:parquet', 'modality:tabular', 'modality:timeseries', 'modality:video', 'library:datasets', 'library:dask', 'library:mlcroissant', 'library:polars', 'arxiv:2511.17441', 'region:us', 'RoboCOIN', 'LeRobot']",True
RoboCOIN/Cobot_Magic_pot_storage_steamer,962,0,"['task_categories:robotics', 'language:en', 'language:zh', 'license:apache-2.0', 'size_categories:100K<n<1M', 'format:parquet', 'modality:tabular', 'modality:timeseries', 'modality:video', 'library:datasets', 'library:dask', 'library:mlcroissant', 'library:polars', 'arxiv:2511.17441', 'region:us', 'RoboCOIN', 'LeRobot']",True
RoboCOIN/Cobot_Magic_classification_of_tableware,938,0,"['task_categories:robotics', 'language:en', 'language:zh', 'license:apache-2.0', 'size_categories:100K<n<1M', 'format:parquet', 'modality:tabular', 'modality:timeseries', 'modality:video', 'library:datasets', 'library:dask', 'library:mlcroissant', 'library:polars', 'arxiv:2511.17441', 'region:us', 'RoboCOIN', 'LeRobot']",True
RoboCOIN/RMC-AIDA-L_place_the_fruits_repeatedly,921,0,"['task_categories:robotics', 'language:en', 'language:zh', 'license:apache-2.0', 'size_categories:100K<n<1M', 'format:parquet', 'modality:tabular', 'modality:timeseries', 'modality:video', 'library:datasets', 'library:dask', 'library:mlcroissant', 'library:polars', 'arxiv:2511.17441', 'region:us', 'RoboCOIN', 'LeRobot']",True
RoboCOIN/Cobot_Magic_turn_on_the_desk_lamp,899,0,"['task_categories:robotics', 'language:en', 'language:zh', 'license:apache-2.0', 'size_categories:100K<n<1M', 'format:parquet', 'modality:tabular', 'modality:timeseries', 'modality:video', 'library:datasets', 'library:dask', 'library:mlcroissant', 'library:polars', 'arxiv:2511.17441', 'region:us', 'RoboCOIN', 'LeRobot']",True
RoboCOIN/AIRBOT_MMK2_place_the_cake,887,0,"['task_categories:robotics', 'language:en', 'language:zh', 'license:apache-2.0', 'size_categories:10K<n<100K', 'format:parquet', 'modality:tabular', 'modality:timeseries', 'modality:video', 'library:datasets', 'library:dask', 'library:mlcroissant', 'library:polars', 'arxiv:2511.17441', 'region:us', 'RoboCOIN', 'LeRobot']",True
RoboCOIN/Split_aloha_basket_storage_peach,868,0,"['task_categories:robotics', 'language:en', 'language:zh', 'license:apache-2.0', 'size_categories:100K<n<1M', 'format:parquet', 'modality:tabular', 'modality:timeseries', 'modality:video', 'library:datasets', 'library:dask', 'library:mlcroissant', 'library:polars', 'arxiv:2511.17441', 'region:us', 'RoboCOIN', 'LeRobot']",True
RoboCOIN/AIRBOT_MMK2_boxs_storage,867,0,"['task_categories:robotics', 'language:en', 'language:zh', 'license:apache-2.0', 'size_categories:10K<n<100K', 'format:parquet', 'modality:tabular', 'modality:timeseries', 'modality:video', 'library:datasets', 'library:dask', 'library:mlcroissant', 'library:polars', 'arxiv:2511.17441', 'region:us', 'RoboCOIN', 'LeRobot']",True
RoboCOIN/AIRBOT_MMK2_place_the_paper_drawer,857,0,"['task_categories:robotics', 'language:en', 'language:zh', 'license:apache-2.0', 'size_categories:100K<n<1M', 'format:parquet', 'modality:tabular', 'modality:timeseries', 'modality:video', 'library:datasets', 'library:dask', 'library:mlcroissant', 'library:polars', 'arxiv:2511.17441', 'region:us', 'RoboCOIN', 'LeRobot']",True
RoboCOIN/R1_Lite_take_and_place_the_portable_power_bank,799,0,"['task_categories:robotics', 'language:en', 'language:zh', 'license:apache-2.0', 'size_categories:100K<n<1M', 'format:parquet', 'modality:tabular', 'modality:timeseries', 'modality:video', 'library:datasets', 'library:dask', 'library:mlcroissant', 'library:polars', 'arxiv:2511.17441', 'region:us', 'RoboCOIN', 'LeRobot']",True
RoboCOIN/Split_aloha_basket_storage_egg_yolk_pastry,788,0,"['task_categories:robotics', 'language:en', 'language:zh', 'license:apache-2.0', 'size_categories:100K<n<1M', 'format:parquet', 'modality:tabular', 'modality:timeseries', 'modality:video', 'library:datasets', 'library:dask', 'library:mlcroissant', 'library:polars', 'arxiv:2511.17441', 'region:us', 'RoboCOIN', 'LeRobot']",True
RoboCOIN/RMC-AIDA-L_pour_tea,779,0,"['task_categories:robotics', 'language:en', 'language:zh', 'license:apache-2.0', 'size_categories:100K<n<1M', 'format:parquet', 'modality:tabular', 'modality:timeseries', 'modality:video', 'library:datasets', 'library:dask', 'library:mlcroissant', 'library:polars', 'arxiv:2511.17441', 'region:us', 'RoboCOIN', 'LeRobot']",True
RoboCOIN/AIRBOT_MMK2_push_building_blocks,771,0,"['task_categories:robotics', 'language:en', 'language:zh', 'license:apache-2.0', 'size_categories:10K<n<100K', 'format:parquet', 'modality:tabular', 'modality:timeseries', 'modality:video', 'library:datasets', 'library:dask', 'library:mlcroissant', 'library:polars', 'arxiv:2511.17441', 'region:us', 'RoboCOIN', 'LeRobot']",True
RoboCOIN/Cobot_Magic_prepare_breakfast,769,0,"['task_categories:robotics', 'language:en', 'language:zh', 'license:apache-2.0', 'size_categories:100K<n<1M', 'format:parquet', 'modality:tabular', 'modality:timeseries', 'modality:video', 'library:datasets', 'library:dask', 'library:mlcroissant', 'library:polars', 'arxiv:2511.17441', 'region:us', 'RoboCOIN', 'LeRobot']",True
RoboCOIN/Cobot_Magic_take_out_a_pen_from_the_pen_holder,764,0,"['task_categories:robotics', 'language:en', 'language:zh', 'license:apache-2.0', 'size_categories:100K<n<1M', 'format:parquet', 'modality:tabular', 'modality:timeseries', 'modality:video', 'library:datasets', 'library:dask', 'library:mlcroissant', 'library:polars', 'arxiv:2511.17441', 'region:us', 'RoboCOIN', 'LeRobot']",True
RoboCOIN/RMC-AIDA-L_glasses_storage,751,0,"['task_categories:robotics', 'language:en', 'language:zh', 'license:apache-2.0', 'size_categories:100K<n<1M', 'format:parquet', 'modality:tabular', 'modality:timeseries', 'modality:video', 'library:datasets', 'library:dask', 'library:mlcroissant', 'library:polars', 'arxiv:2511.17441', 'region:us', 'RoboCOIN', 'LeRobot']",True
RoboCOIN/Cobot_Magic_clean_blackboard,731,0,"['task_categories:robotics', 'language:en', 'language:zh', 'license:apache-2.0', 'size_categories:100K<n<1M', 'format:parquet', 'modality:tabular', 'modality:timeseries', 'modality:video', 'library:datasets', 'library:dask', 'library:mlcroissant', 'library:polars', 'arxiv:2511.17441', 'region:us', 'RoboCOIN', 'LeRobot']",True
RoboCOIN/Split_aloha_basket_storage_bread,667,0,"['task_categories:robotics', 'language:en', 'language:zh', 'license:apache-2.0', 'size_categories:100K<n<1M', 'format:parquet', 'modality:tabular', 'modality:timeseries', 'modality:video', 'library:datasets', 'library:dask', 'library:mlcroissant', 'library:polars', 'arxiv:2511.17441', 'region:us', 'RoboCOIN', 'LeRobot']",True
RoboCOIN/Cobot_Magic_plate_storaje_baozi,665,0,"['task_categories:robotics', 'language:en', 'language:zh', 'license:apache-2.0', 'size_categories:100K<n<1M', 'format:parquet', 'modality:tabular', 'modality:timeseries', 'modality:video', 'library:datasets', 'library:dask', 'library:mlcroissant', 'library:polars', 'arxiv:2511.17441', 'region:us', 'RoboCOIN', 'LeRobot']",True
RoboCOIN/Cobot_Magic_take_out_the_bread,664,0,"['task_categories:robotics', 'language:en', 'language:zh', 'license:apache-2.0', 'size_categories:100K<n<1M', 'format:parquet', 'modality:tabular', 'modality:timeseries', 'modality:video', 'library:datasets', 'library:dask', 'library:mlcroissant', 'library:polars', 'arxiv:2511.17441', 'region:us', 'RoboCOIN', 'LeRobot']",True
RoboCOIN/AgiBot-g1_tool_storage,645,0,"['task_categories:robotics', 'language:en', 'language:zh', 'license:apache-2.0', 'size_categories:10K<n<100K', 'format:parquet', 'modality:tabular', 'modality:timeseries', 'modality:video', 'library:datasets', 'library:dask', 'library:mlcroissant', 'library:polars', 'arxiv:2511.17441', 'region:us', 'RoboCOIN', 'LeRobot']",True
RoboCOIN/RMC-AIDA-L_pour_coffee_beans,633,0,"['task_categories:robotics', 'language:en', 'language:zh', 'license:apache-2.0', 'size_categories:100K<n<1M', 'format:parquet', 'modality:tabular', 'modality:timeseries', 'modality:video', 'library:datasets', 'library:dask', 'library:mlcroissant', 'library:polars', 'arxiv:2511.17441', 'region:us', 'RoboCOIN', 'LeRobot']",True
RoboCOIN/R1_Lite_open_and_close_nightstand_door,632,0,"['task_categories:robotics', 'language:en', 'language:zh', 'license:apache-2.0', 'size_categories:100K<n<1M', 'format:parquet', 'modality:tabular', 'modality:timeseries', 'modality:video', 'library:datasets', 'library:dask', 'library:mlcroissant', 'library:polars', 'arxiv:2511.17441', 'region:us', 'RoboCOIN', 'LeRobot']",True
RoboCOIN/Split_aloha_pour_rice,631,0,"['task_categories:robotics', 'language:en', 'language:zh', 'license:apache-2.0', 'size_categories:100K<n<1M', 'format:parquet', 'modality:tabular', 'modality:timeseries', 'modality:video', 'library:datasets', 'library:dask', 'library:mlcroissant', 'library:polars', 'arxiv:2511.17441', 'region:us', 'RoboCOIN', 'LeRobot']",True
RoboCOIN/RMC-AIDA-L_fold_shorts,617,0,"['task_categories:robotics', 'language:en', 'language:zh', 'license:apache-2.0', 'size_categories:100K<n<1M', 'format:parquet', 'modality:tabular', 'modality:timeseries', 'modality:video', 'library:datasets', 'library:dask', 'library:mlcroissant', 'library:polars', 'arxiv:2511.17441', 'region:us', 'RoboCOIN', 'LeRobot']",True
RoboCOIN/AIRBOT_MMK2_food_storage,613,0,"['task_categories:robotics', 'language:en', 'language:zh', 'license:apache-2.0', 'size_categories:10K<n<100K', 'format:parquet', 'modality:tabular', 'modality:timeseries', 'modality:video', 'library:datasets', 'library:dask', 'library:mlcroissant', 'library:polars', 'arxiv:2511.17441', 'region:us', 'RoboCOIN', 'LeRobot']",True
RoboCOIN/RMC-AIDA-L_clean_table,593,0,"['task_categories:robotics', 'language:en', 'language:zh', 'license:apache-2.0', 'size_categories:100K<n<1M', 'format:parquet', 'modality:tabular', 'modality:timeseries', 'modality:video', 'library:datasets', 'library:dask', 'library:mlcroissant', 'library:polars', 'arxiv:2511.17441', 'region:us', 'RoboCOIN', 'LeRobot']",True
RoboCOIN/Cobot_Magic_place_the_test_tube,583,0,"['task_categories:robotics', 'language:en', 'language:zh', 'license:apache-2.0', 'size_categories:100K<n<1M', 'format:parquet', 'modality:tabular', 'modality:timeseries', 'modality:video', 'library:datasets', 'library:dask', 'library:mlcroissant', 'library:polars', 'arxiv:2511.17441', 'region:us', 'RoboCOIN', 'LeRobot']",True
RoboCOIN/Cobot_Magic_the_plate_holds_the_vegetables,582,0,"['task_categories:robotics', 'language:en', 'language:zh', 'license:apache-2.0', 'size_categories:100K<n<1M', 'format:parquet', 'modality:tabular', 'modality:timeseries', 'modality:video', 'library:datasets', 'library:dask', 'library:mlcroissant', 'library:polars', 'arxiv:2511.17441', 'region:us', 'RoboCOIN', 'LeRobot']",True
RoboCOIN/alpha_bot_2_recover_after_touching_an_obstacle,567,0,"['task_categories:robotics', 'language:en', 'language:zh', 'license:apache-2.0', 'size_categories:100K<n<1M', 'format:parquet', 'modality:tabular', 'modality:timeseries', 'modality:video', 'library:datasets', 'library:dask', 'library:mlcroissant', 'library:polars', 'arxiv:2511.17441', 'region:us', 'RoboCOIN', 'LeRobot']",True
RoboCOIN/RMC-AIDA-L_fruit_storage,560,0,"['task_categories:robotics', 'language:en', 'language:zh', 'license:apache-2.0', 'size_categories:100K<n<1M', 'format:parquet', 'modality:tabular', 'modality:timeseries', 'modality:video', 'library:datasets', 'library:dask', 'library:mlcroissant', 'library:polars', 'arxiv:2511.17441', 'region:us', 'RoboCOIN', 'LeRobot']",True
RoboCOIN/RMC-AIDA-L_build_blocks,546,0,"['task_categories:robotics', 'language:en', 'language:zh', 'license:apache-2.0', 'size_categories:100K<n<1M', 'format:parquet', 'modality:tabular', 'modality:timeseries', 'modality:video', 'library:datasets', 'library:dask', 'library:mlcroissant', 'library:polars', 'arxiv:2511.17441', 'region:us', 'RoboCOIN', 'LeRobot']",True
RoboCOIN/Cobot_Magic_movethe_position_of_the_bluetooth,543,0,"['task_categories:robotics', 'language:en', 'language:zh', 'license:apache-2.0', 'size_categories:10K<n<100K', 'format:parquet', 'modality:tabular', 'modality:timeseries', 'modality:video', 'library:datasets', 'library:dask', 'library:mlcroissant', 'library:polars', 'arxiv:2511.17441', 'region:us', 'RoboCOIN', 'LeRobot']",True
RoboCOIN/Cobot_Magic_the_plate_holds_the_fruit,538,0,"['task_categories:robotics', 'language:en', 'language:zh', 'license:apache-2.0', 'size_categories:100K<n<1M', 'format:parquet', 'modality:tabular', 'modality:timeseries', 'modality:video', 'library:datasets', 'library:dask', 'library:mlcroissant', 'library:polars', 'arxiv:2511.17441', 'region:us', 'RoboCOIN', 'LeRobot']",True
RoboCOIN/Split_aloha_basket_storage_orange,537,0,"['task_categories:robotics', 'language:en', 'language:zh', 'license:apache-2.0', 'size_categories:100K<n<1M', 'format:parquet', 'modality:tabular', 'modality:timeseries', 'modality:video', 'library:datasets', 'library:dask', 'library:mlcroissant', 'library:polars', 'arxiv:2511.17441', 'region:us', 'RoboCOIN', 'LeRobot']",True
RoboCOIN/Cobot_Magic_mobile_cube_blackboard,536,0,"['task_categories:robotics', 'language:en', 'language:zh', 'license:apache-2.0', 'size_categories:100K<n<1M', 'format:parquet', 'modality:tabular', 'modality:timeseries', 'modality:video', 'library:datasets', 'library:dask', 'library:mlcroissant', 'library:polars', 'arxiv:2511.17441', 'region:us', 'RoboCOIN', 'LeRobot']",True
RoboCOIN/AIRBOT_MMK2_stacking_blocks,536,0,"['task_categories:robotics', 'language:en', 'language:zh', 'license:apache-2.0', 'size_categories:10K<n<100K', 'format:parquet', 'modality:tabular', 'modality:timeseries', 'modality:video', 'library:datasets', 'library:dask', 'library:mlcroissant', 'library:polars', 'arxiv:2511.17441', 'region:us', 'RoboCOIN', 'LeRobot']",True
RoboCOIN/AIRBOT_MMK2_storage_for_building_blocks_and_beauty_sponges,535,0,"['task_categories:robotics', 'language:en', 'language:zh', 'license:apache-2.0', 'size_categories:10K<n<100K', 'format:parquet', 'modality:tabular', 'modality:timeseries', 'modality:video', 'library:datasets', 'library:dask', 'library:mlcroissant', 'library:polars', 'arxiv:2511.17441', 'region:us', 'RoboCOIN', 'LeRobot']",True
RoboCOIN/RMC-AIDA-L_stir_coffee,529,0,"['task_categories:robotics', 'language:en', 'language:zh', 'license:apache-2.0', 'size_categories:100K<n<1M', 'format:parquet', 'modality:tabular', 'modality:timeseries', 'modality:video', 'library:datasets', 'library:dask', 'library:mlcroissant', 'library:polars', 'arxiv:2511.17441', 'region:us', 'RoboCOIN', 'LeRobot']",True
RoboCOIN/Cobot_Magic_fold_the_towel,522,0,"['task_categories:robotics', 'language:en', 'language:zh', 'license:apache-2.0', 'size_categories:100K<n<1M', 'format:parquet', 'modality:tabular', 'modality:timeseries', 'modality:video', 'library:datasets', 'library:dask', 'library:mlcroissant', 'library:polars', 'arxiv:2511.17441', 'region:us', 'RoboCOIN', 'LeRobot']",True
RoboCOIN/R1_Lite_wipe_the_table,519,0,"['task_categories:robotics', 'language:en', 'language:zh', 'license:apache-2.0', 'size_categories:10K<n<100K', 'format:parquet', 'modality:tabular', 'modality:timeseries', 'modality:video', 'library:datasets', 'library:dask', 'library:mlcroissant', 'library:polars', 'arxiv:2511.17441', 'region:us', 'RoboCOIN', 'LeRobot']",True
RoboCOIN/R1_Lite_move_the_position_of_the_rubiks_cube,516,0,"['task_categories:robotics', 'language:en', 'language:zh', 'license:apache-2.0', 'size_categories:1K<n<10K', 'format:parquet', 'modality:tabular', 'modality:timeseries', 'modality:video', 'library:datasets', 'library:dask', 'library:mlcroissant', 'library:polars', 'arxiv:2511.17441', 'region:us', 'RoboCOIN', 'LeRobot']",True
RoboCOIN/R1_Lite_tidy_up_toiletries,503,0,"['task_categories:robotics', 'language:en', 'language:zh', 'license:apache-2.0', 'size_categories:100K<n<1M', 'format:parquet', 'modality:tabular', 'modality:timeseries', 'modality:video', 'library:datasets', 'library:dask', 'library:mlcroissant', 'library:polars', 'arxiv:2511.17441', 'region:us', 'RoboCOIN', 'LeRobot']",True
RoboCOIN/alpha_bot_2_sticker,499,0,"['task_categories:robotics', 'language:en', 'language:zh', 'license:apache-2.0', 'size_categories:10K<n<100K', 'format:parquet', 'modality:tabular', 'modality:timeseries', 'modality:video', 'library:datasets', 'library:dask', 'library:mlcroissant', 'library:polars', 'arxiv:2511.17441', 'region:us', 'RoboCOIN', 'LeRobot']",True
RoboCOIN/AIRBOT_MMK2_item_storage,497,0,"['task_categories:robotics', 'language:en', 'language:zh', 'license:apache-2.0', 'size_categories:10K<n<100K', 'format:parquet', 'modality:tabular', 'modality:timeseries', 'modality:video', 'library:datasets', 'library:dask', 'library:mlcroissant', 'library:polars', 'arxiv:2511.17441', 'region:us', 'RoboCOIN', 'LeRobot']",True
RoboCOIN/AIRBOT_MMK2_store_beauty_blender_and_building_blocks,495,0,"['task_categories:robotics', 'language:en', 'language:zh', 'license:apache-2.0', 'size_categories:1K<n<10K', 'format:parquet', 'modality:tabular', 'modality:timeseries', 'modality:video', 'library:datasets', 'library:dask', 'library:mlcroissant', 'library:polars', 'arxiv:2511.17441', 'region:us', 'RoboCOIN', 'LeRobot']",True
RoboCOIN/alpha_bot_2_item_reversal,489,0,"['task_categories:robotics', 'language:en', 'language:zh', 'license:apache-2.0', 'size_categories:10K<n<100K', 'format:parquet', 'modality:tabular', 'modality:timeseries', 'modality:video', 'library:datasets', 'library:dask', 'library:mlcroissant', 'library:polars', 'arxiv:2511.17441', 'region:us', 'RoboCOIN', 'LeRobot']",True
RoboCOIN/RMC-AIDA-L_basket_storage_banana,487,0,"['task_categories:robotics', 'language:en', 'language:zh', 'license:apache-2.0', 'size_categories:100K<n<1M', 'format:parquet', 'modality:tabular', 'modality:timeseries', 'modality:video', 'library:datasets', 'library:dask', 'library:mlcroissant', 'library:polars', 'arxiv:2511.17441', 'region:us', 'RoboCOIN', 'LeRobot']",True
RoboCOIN/R1_Lite_wash_the_tableware,486,0,"['task_categories:robotics', 'language:en', 'language:zh', 'license:apache-2.0', 'size_categories:100K<n<1M', 'format:parquet', 'modality:tabular', 'modality:timeseries', 'modality:video', 'library:datasets', 'library:dask', 'library:mlcroissant', 'library:polars', 'arxiv:2511.17441', 'region:us', 'RoboCOIN', 'LeRobot']",True
RoboCOIN/R1_Lite_make_the_bed,483,0,"['task_categories:robotics', 'language:en', 'language:zh', 'license:apache-2.0', 'size_categories:100K<n<1M', 'format:parquet', 'modality:tabular', 'modality:timeseries', 'modality:video', 'library:datasets', 'library:dask', 'library:mlcroissant', 'library:polars', 'arxiv:2511.17441', 'region:us', 'RoboCOIN', 'LeRobot']",True
RoboCOIN/Cobot_Magic_storage_plate,480,0,"['task_categories:robotics', 'language:en', 'language:zh', 'license:apache-2.0', 'size_categories:10K<n<100K', 'format:parquet', 'modality:tabular', 'modality:timeseries', 'modality:video', 'library:datasets', 'library:dask', 'library:mlcroissant', 'library:polars', 'arxiv:2511.17441', 'region:us', 'RoboCOIN', 'LeRobot']",True
RoboCOIN/Cobot_Magic_catch_the_ball,480,0,"['task_categories:robotics', 'language:en', 'language:zh', 'license:apache-2.0', 'size_categories:10K<n<100K', 'format:parquet', 'modality:tabular', 'modality:timeseries', 'modality:video', 'library:datasets', 'library:dask', 'library:mlcroissant', 'library:polars', 'arxiv:2511.17441', 'region:us', 'RoboCOIN', 'LeRobot']",True
RoboCOIN/AIRBOT_MMK2_bowl_storage_pepper,480,0,"['task_categories:robotics', 'language:en', 'language:zh', 'license:apache-2.0', 'size_categories:10K<n<100K', 'format:parquet', 'modality:tabular', 'modality:timeseries', 'modality:video', 'library:datasets', 'library:dask', 'library:mlcroissant', 'library:polars', 'arxiv:2511.17441', 'region:us', 'RoboCOIN', 'LeRobot']",True
RoboCOIN/RMC-AIDA-L_food_packaging,477,0,"['task_categories:robotics', 'language:en', 'language:zh', 'license:apache-2.0', 'size_categories:100K<n<1M', 'format:parquet', 'modality:tabular', 'modality:timeseries', 'modality:video', 'library:datasets', 'library:dask', 'library:mlcroissant', 'library:polars', 'arxiv:2511.17441', 'region:us', 'RoboCOIN', 'LeRobot']",True
RoboCOIN/Cobot_Magic_water_bottle_storage,474,0,"['task_categories:robotics', 'language:en', 'language:zh', 'license:apache-2.0', 'size_categories:10K<n<100K', 'format:parquet', 'modality:tabular', 'modality:timeseries', 'modality:video', 'library:datasets', 'library:dask', 'library:mlcroissant', 'library:polars', 'arxiv:2511.17441', 'region:us', 'RoboCOIN', 'LeRobot']",True
RoboCOIN/AIRBOT_MMK2_store_coffee_cups,470,0,"['task_categories:robotics', 'language:en', 'language:zh', 'license:apache-2.0', 'size_categories:10K<n<100K', 'format:parquet', 'modality:tabular', 'modality:timeseries', 'modality:video', 'library:datasets', 'library:dask', 'library:mlcroissant', 'library:polars', 'arxiv:2511.17441', 'region:us', 'RoboCOIN', 'LeRobot']",True
RoboCOIN/Cobot_Magic_close_book,469,0,"['task_categories:robotics', 'language:en', 'language:zh', 'license:apache-2.0', 'size_categories:100K<n<1M', 'format:parquet', 'modality:tabular', 'modality:timeseries', 'modality:video', 'library:datasets', 'library:dask', 'library:mlcroissant', 'library:polars', 'arxiv:2511.17441', 'region:us', 'RoboCOIN', 'LeRobot']",True
RoboCOIN/Cobot_Magic_move_the_plate,468,0,"['task_categories:robotics', 'language:en', 'language:zh', 'license:apache-2.0', 'size_categories:10K<n<100K', 'format:parquet', 'modality:tabular', 'modality:timeseries', 'modality:video', 'library:datasets', 'library:dask', 'library:mlcroissant', 'library:polars', 'arxiv:2511.17441', 'region:us', 'RoboCOIN', 'LeRobot']",True
RoboCOIN/R1_Lite_make_breakfast,467,0,"['task_categories:robotics', 'language:en', 'language:zh', 'license:apache-2.0', 'size_categories:100K<n<1M', 'format:parquet', 'modality:tabular', 'modality:timeseries', 'modality:video', 'library:datasets', 'library:dask', 'library:mlcroissant', 'library:polars', 'arxiv:2511.17441', 'region:us', 'RoboCOIN', 'LeRobot']",True
RoboCOIN/R1_Lite_dispose_of_leftover_food,466,0,"['task_categories:robotics', 'language:en', 'language:zh', 'license:apache-2.0', 'size_categories:100K<n<1M', 'format:parquet', 'modality:tabular', 'modality:timeseries', 'modality:video', 'library:datasets', 'library:dask', 'library:mlcroissant', 'library:polars', 'arxiv:2511.17441', 'region:us', 'RoboCOIN', 'LeRobot']",True
RoboCOIN/alpha_bot_2_move_the_table,460,0,"['task_categories:robotics', 'language:en', 'language:zh', 'license:apache-2.0', 'size_categories:10K<n<100K', 'format:parquet', 'modality:tabular', 'modality:timeseries', 'modality:video', 'library:datasets', 'library:dask', 'library:mlcroissant', 'library:polars', 'arxiv:2511.17441', 'region:us', 'RoboCOIN', 'LeRobot']",True
RoboCOIN/AIRBOT_MMK2_store_wet_wipes_and_bowls,458,0,"['task_categories:robotics', 'language:en', 'language:zh', 'license:apache-2.0', 'size_categories:10K<n<100K', 'format:parquet', 'modality:tabular', 'modality:timeseries', 'modality:video', 'library:datasets', 'library:dask', 'library:mlcroissant', 'library:polars', 'arxiv:2511.17441', 'region:us', 'RoboCOIN', 'LeRobot']",True
RoboCOIN/alpha_bot_2_carry_the_clothes_basket,455,0,"['task_categories:robotics', 'language:en', 'language:zh', 'license:apache-2.0', 'size_categories:10K<n<100K', 'format:parquet', 'modality:tabular', 'modality:timeseries', 'modality:video', 'library:datasets', 'library:dask', 'library:mlcroissant', 'library:polars', 'arxiv:2511.17441', 'region:us', 'RoboCOIN', 'LeRobot']",True
RoboCOIN/AIRBOT_MMK2_egg_storage,454,0,"['task_categories:robotics', 'language:en', 'language:zh', 'license:apache-2.0', 'size_categories:10K<n<100K', 'format:parquet', 'modality:tabular', 'modality:timeseries', 'modality:video', 'library:datasets', 'library:dask', 'library:mlcroissant', 'library:polars', 'arxiv:2511.17441', 'region:us', 'RoboCOIN', 'LeRobot']",True
RoboCOIN/AIRBOT_MMK2_mobile_phone_storage,446,0,"['task_categories:robotics', 'language:en', 'language:zh', 'license:apache-2.0', 'size_categories:1K<n<10K', 'format:parquet', 'modality:tabular', 'modality:timeseries', 'modality:video', 'library:datasets', 'library:dask', 'library:mlcroissant', 'library:polars', 'arxiv:2511.17441', 'region:us', 'RoboCOIN', 'LeRobot']",True
RoboCOIN/R1_Lite_storage_of_toiletries,445,0,"['task_categories:robotics', 'language:en', 'language:zh', 'license:apache-2.0', 'size_categories:100K<n<1M', 'format:parquet', 'modality:tabular', 'modality:timeseries', 'modality:video', 'library:datasets', 'library:dask', 'library:mlcroissant', 'library:polars', 'arxiv:2511.17441', 'region:us', 'RoboCOIN', 'LeRobot']",True
RoboCOIN/Cobot_Magic_move_the_small_ball,443,0,"['task_categories:robotics', 'language:en', 'language:zh', 'license:apache-2.0', 'size_categories:10K<n<100K', 'format:parquet', 'modality:tabular', 'modality:timeseries', 'modality:video', 'library:datasets', 'library:dask', 'library:mlcroissant', 'library:polars', 'arxiv:2511.17441', 'region:us', 'RoboCOIN', 'LeRobot']",True
RoboCOIN/Cobot_Magic_put_in_the_pear,439,0,"['task_categories:robotics', 'language:en', 'language:zh', 'license:apache-2.0', 'size_categories:10K<n<100K', 'format:parquet', 'modality:tabular', 'modality:timeseries', 'modality:video', 'library:datasets', 'library:dask', 'library:mlcroissant', 'library:polars', 'arxiv:2511.17441', 'region:us', 'RoboCOIN', 'LeRobot']",True
RoboCOIN/R1_Lite_clean_the_floor,434,0,"['task_categories:robotics', 'language:en', 'language:zh', 'license:apache-2.0', 'size_categories:100K<n<1M', 'format:parquet', 'modality:tabular', 'modality:timeseries', 'modality:video', 'library:datasets', 'library:dask', 'library:mlcroissant', 'library:polars', 'arxiv:2511.17441', 'region:us', 'RoboCOIN', 'LeRobot']",True
RoboCOIN/Split_aloha_basket_storage_banana,431,0,"['task_categories:robotics', 'language:en', 'language:zh', 'license:apache-2.0', 'size_categories:100K<n<1M', 'format:parquet', 'modality:tabular', 'modality:timeseries', 'modality:video', 'library:datasets', 'library:dask', 'library:mlcroissant', 'library:polars', 'arxiv:2511.17441', 'region:us', 'RoboCOIN', 'LeRobot']",True
RoboCOIN/AIRBOT_MMK2_place_the_books,431,0,"['task_categories:robotics', 'language:en', 'language:zh', 'license:apache-2.0', 'size_categories:10K<n<100K', 'format:parquet', 'modality:tabular', 'modality:timeseries', 'modality:video', 'library:datasets', 'library:dask', 'library:mlcroissant', 'library:polars', 'arxiv:2511.17441', 'region:us', 'RoboCOIN', 'LeRobot']",True
RoboCOIN/R1_Lite_take_and_put_away_garden_stuff,429,0,"['task_categories:robotics', 'language:en', 'language:zh', 'license:apache-2.0', 'size_categories:100K<n<1M', 'format:parquet', 'modality:tabular', 'modality:timeseries', 'modality:video', 'library:datasets', 'library:dask', 'library:mlcroissant', 'library:polars', 'arxiv:2511.17441', 'region:us', 'RoboCOIN', 'LeRobot']",True
RoboCOIN/R1_Lite_take_or_store_plates,427,0,"['task_categories:robotics', 'language:en', 'language:zh', 'license:apache-2.0', 'size_categories:100K<n<1M', 'format:parquet', 'modality:tabular', 'modality:timeseries', 'modality:video', 'library:datasets', 'library:dask', 'library:mlcroissant', 'library:polars', 'arxiv:2511.17441', 'region:us', 'RoboCOIN', 'LeRobot']",True
RoboCOIN/R1_Lite_washing_board,427,0,"['task_categories:robotics', 'language:en', 'language:zh', 'license:apache-2.0', 'size_categories:100K<n<1M', 'format:parquet', 'modality:tabular', 'modality:timeseries', 'modality:video', 'library:datasets', 'library:dask', 'library:mlcroissant', 'library:polars', 'arxiv:2511.17441', 'region:us', 'RoboCOIN', 'LeRobot']",True
RoboCOIN/R1_Lite_stack_baskets,420,0,"['task_categories:robotics', 'language:en', 'language:zh', 'license:apache-2.0', 'size_categories:10K<n<100K', 'format:parquet', 'modality:tabular', 'modality:timeseries', 'modality:video', 'library:datasets', 'library:dask', 'library:mlcroissant', 'library:polars', 'arxiv:2511.17441', 'region:us', 'RoboCOIN', 'LeRobot']",True
RoboCOIN/R1_Lite_move_the_position_of_the_peeler,415,0,"['task_categories:robotics', 'language:en', 'language:zh', 'license:apache-2.0', 'size_categories:10K<n<100K', 'format:parquet', 'modality:tabular', 'modality:timeseries', 'modality:video', 'library:datasets', 'library:dask', 'library:mlcroissant', 'library:polars', 'arxiv:2511.17441', 'region:us', 'RoboCOIN', 'LeRobot']",True
RoboCOIN/RMC-AIDA-L_food_storage,414,0,"['task_categories:robotics', 'language:en', 'language:zh', 'license:apache-2.0', 'size_categories:100K<n<1M', 'format:parquet', 'modality:tabular', 'modality:timeseries', 'modality:video', 'library:datasets', 'library:dask', 'library:mlcroissant', 'library:polars', 'arxiv:2511.17441', 'region:us', 'RoboCOIN', 'LeRobot']",True
RoboCOIN/Cobot_Magic_plate_storage_apple,409,0,"['task_categories:robotics', 'language:en', 'language:zh', 'license:apache-2.0', 'size_categories:10K<n<100K', 'format:parquet', 'modality:tabular', 'modality:timeseries', 'modality:video', 'library:datasets', 'library:dask', 'library:mlcroissant', 'library:polars', 'arxiv:2511.17441', 'region:us', 'RoboCOIN', 'LeRobot']",True
RoboCOIN/AIRBOT_MMK2_pumpkin_storage,408,0,"['task_categories:robotics', 'language:en', 'language:zh', 'license:apache-2.0', 'size_categories:10K<n<100K', 'format:parquet', 'modality:tabular', 'modality:timeseries', 'modality:video', 'library:datasets', 'library:dask', 'library:mlcroissant', 'library:polars', 'arxiv:2511.17441', 'region:us', 'RoboCOIN', 'LeRobot']",True
RoboCOIN/R1_Lite_place_the_dress_shirt_on_the_hanger,406,0,"['task_categories:robotics', 'language:en', 'language:zh', 'license:apache-2.0', 'size_categories:100K<n<1M', 'format:parquet', 'modality:tabular', 'modality:timeseries', 'modality:video', 'library:datasets', 'library:dask', 'library:mlcroissant', 'library:polars', 'arxiv:2511.17441', 'region:us', 'RoboCOIN', 'LeRobot']",True
RoboCOIN/Cobot_Magic_place_square_pyramid,406,0,"['task_categories:robotics', 'language:en', 'language:zh', 'license:apache-2.0', 'size_categories:10K<n<100K', 'format:parquet', 'modality:tabular', 'modality:timeseries', 'modality:video', 'library:datasets', 'library:dask', 'library:mlcroissant', 'library:polars', 'arxiv:2511.17441', 'region:us', 'RoboCOIN', 'LeRobot']",True
RoboCOIN/R1_Lite_peach_storage,406,0,"['task_categories:robotics', 'language:en', 'language:zh', 'license:apache-2.0', 'size_categories:10K<n<100K', 'format:parquet', 'modality:tabular', 'modality:timeseries', 'modality:video', 'library:datasets', 'library:dask', 'library:mlcroissant', 'library:polars', 'arxiv:2511.17441', 'region:us', 'RoboCOIN', 'LeRobot']",True
RoboCOIN/R1_Lite_take_and_put_away_items,406,0,"['task_categories:robotics', 'language:en', 'language:zh', 'license:apache-2.0', 'size_categories:100K<n<1M', 'format:parquet', 'modality:tabular', 'modality:timeseries', 'modality:video', 'library:datasets', 'library:dask', 'library:mlcroissant', 'library:polars', 'arxiv:2511.17441', 'region:us', 'RoboCOIN', 'LeRobot']",True
RoboCOIN/Cobot_Magic_clear_the_desktop,405,0,"['task_categories:robotics', 'language:en', 'language:zh', 'license:apache-2.0', 'size_categories:100K<n<1M', 'format:parquet', 'modality:tabular', 'modality:timeseries', 'modality:video', 'library:datasets', 'library:dask', 'library:mlcroissant', 'library:polars', 'arxiv:2511.17441', 'region:us', 'RoboCOIN', 'LeRobot']",True
RoboCOIN/R1_Lite_move_the_position_of_the_spoon,404,0,"['task_categories:robotics', 'language:en', 'language:zh', 'license:apache-2.0', 'size_categories:1K<n<10K', 'format:parquet', 'modality:tabular', 'modality:timeseries', 'modality:video', 'library:datasets', 'library:dask', 'library:mlcroissant', 'library:polars', 'arxiv:2511.17441', 'region:us', 'RoboCOIN', 'LeRobot']",True
RoboCOIN/AIRBOT_MMK2_place_the_glasses_case_and_gold_bars,404,0,"['task_categories:robotics', 'language:en', 'language:zh', 'license:apache-2.0', 'size_categories:10K<n<100K', 'format:parquet', 'modality:tabular', 'modality:timeseries', 'modality:video', 'library:datasets', 'library:dask', 'library:mlcroissant', 'library:polars', 'arxiv:2511.17441', 'region:us', 'RoboCOIN', 'LeRobot']",True
RoboCOIN/Cobot_Magic_pour_water_bottle,401,0,"['task_categories:robotics', 'language:en', 'language:zh', 'license:apache-2.0', 'size_categories:10K<n<100K', 'format:parquet', 'modality:tabular', 'modality:timeseries', 'modality:video', 'library:datasets', 'library:dask', 'library:mlcroissant', 'library:polars', 'arxiv:2511.17441', 'region:us', 'RoboCOIN', 'LeRobot']",True
RoboCOIN/AIRBOT_MMK2_toy_storage,397,0,"['task_categories:robotics', 'language:en', 'language:zh', 'license:apache-2.0', 'size_categories:10K<n<100K', 'format:parquet', 'modality:tabular', 'modality:timeseries', 'modality:video', 'library:datasets', 'library:dask', 'library:mlcroissant', 'library:polars', 'arxiv:2511.17441', 'region:us', 'RoboCOIN', 'LeRobot']",True
RoboCOIN/AIRBOT_MMK2_diamond_storage,395,0,"['task_categories:robotics', 'language:en', 'language:zh', 'license:apache-2.0', 'size_categories:1K<n<10K', 'format:parquet', 'modality:tabular', 'modality:timeseries', 'modality:video', 'library:datasets', 'library:dask', 'library:mlcroissant', 'library:polars', 'arxiv:2511.17441', 'region:us', 'RoboCOIN', 'LeRobot']",True
RoboCOIN/R1_Lite_cover_the_pot_lid,394,0,"['task_categories:robotics', 'language:en', 'language:zh', 'license:apache-2.0', 'size_categories:10K<n<100K', 'format:parquet', 'modality:tabular', 'modality:timeseries', 'modality:video', 'library:datasets', 'library:dask', 'library:mlcroissant', 'library:polars', 'arxiv:2511.17441', 'region:us', 'RoboCOIN', 'LeRobot']",True
RoboCOIN/R1_Lite_move_the_position_of_the_milk,388,0,"['task_categories:robotics', 'language:en', 'language:zh', 'license:apache-2.0', 'size_categories:10K<n<100K', 'format:parquet', 'modality:tabular', 'modality:timeseries', 'modality:video', 'library:datasets', 'library:dask', 'library:mlcroissant', 'library:polars', 'arxiv:2511.17441', 'region:us', 'RoboCOIN', 'LeRobot']",True
RoboCOIN/R1_Lite_open_and_close_the_freezer_door,387,0,"['task_categories:robotics', 'language:en', 'language:zh', 'license:apache-2.0', 'size_categories:100K<n<1M', 'format:parquet', 'modality:tabular', 'modality:timeseries', 'modality:video', 'library:datasets', 'library:dask', 'library:mlcroissant', 'library:polars', 'arxiv:2511.17441', 'region:us', 'RoboCOIN', 'LeRobot']",True
RoboCOIN/AIRBOT_MMK2_take_down_umbrella_and_mineral_water,382,0,"['task_categories:robotics', 'language:en', 'language:zh', 'license:apache-2.0', 'size_categories:10K<n<100K', 'format:parquet', 'modality:tabular', 'modality:timeseries', 'modality:video', 'library:datasets', 'library:dask', 'library:mlcroissant', 'library:polars', 'arxiv:2511.17441', 'region:us', 'RoboCOIN', 'LeRobot']",True
RoboCOIN/AIRBOT_MMK2_storage_item,365,0,"['task_categories:robotics', 'language:en', 'language:zh', 'license:apache-2.0', 'size_categories:1K<n<10K', 'format:parquet', 'modality:tabular', 'modality:timeseries', 'modality:video', 'library:datasets', 'library:dask', 'library:mlcroissant', 'library:polars', 'arxiv:2511.17441', 'region:us', 'RoboCOIN', 'LeRobot']",True
RoboCOIN/Split_aloha_plate_storage,364,0,"['task_categories:robotics', 'language:en', 'language:zh', 'license:apache-2.0', 'size_categories:100K<n<1M', 'format:parquet', 'modality:tabular', 'modality:timeseries', 'modality:video', 'library:datasets', 'library:dask', 'library:mlcroissant', 'library:polars', 'arxiv:2511.17441', 'region:us', 'RoboCOIN', 'LeRobot']",True
RoboCOIN/AIRBOT_MMK2_pour_out_the_beauty_blender,362,0,"['task_categories:robotics', 'language:en', 'language:zh', 'license:apache-2.0', 'size_categories:10K<n<100K', 'format:parquet', 'modality:tabular', 'modality:timeseries', 'modality:video', 'library:datasets', 'library:dask', 'library:mlcroissant', 'library:polars', 'arxiv:2511.17441', 'region:us', 'RoboCOIN', 'LeRobot']",True
RoboCOIN/Split_aloha_scoop_coffee_beans,361,0,"['task_categories:robotics', 'language:en', 'language:zh', 'license:apache-2.0', 'size_categories:100K<n<1M', 'format:parquet', 'modality:tabular', 'modality:timeseries', 'modality:video', 'library:datasets', 'library:dask', 'library:mlcroissant', 'library:polars', 'arxiv:2511.17441', 'region:us', 'RoboCOIN', 'LeRobot']",True
RoboCOIN/Split_aloha_zip_up_the_document_bag,361,0,"['task_categories:robotics', 'language:en', 'language:zh', 'license:apache-2.0', 'size_categories:100K<n<1M', 'format:parquet', 'modality:tabular', 'modality:timeseries', 'modality:video', 'library:datasets', 'library:dask', 'library:mlcroissant', 'library:polars', 'arxiv:2511.17441', 'region:us', 'RoboCOIN', 'LeRobot']",True
RoboCOIN/alpha_bot_2_operate_the_microwave_oven,357,0,"['task_categories:robotics', 'language:en', 'language:zh', 'license:apache-2.0', 'size_categories:10K<n<100K', 'format:parquet', 'modality:tabular', 'modality:timeseries', 'modality:video', 'library:datasets', 'library:dask', 'library:mlcroissant', 'library:polars', 'arxiv:2511.17441', 'region:us', 'RoboCOIN', 'LeRobot']",True
RoboCOIN/AIRBOT_MMK2_lemon_and_orange_storage,356,0,"['task_categories:robotics', 'language:en', 'language:zh', 'license:apache-2.0', 'size_categories:1K<n<10K', 'format:parquet', 'modality:tabular', 'modality:timeseries', 'modality:video', 'library:datasets', 'library:dask', 'library:mlcroissant', 'library:polars', 'arxiv:2511.17441', 'region:us', 'RoboCOIN', 'LeRobot']",True
RoboCOIN/AIRBOT_MMK2_cup_storage,354,0,"['task_categories:robotics', 'language:en', 'language:zh', 'license:apache-2.0', 'size_categories:10K<n<100K', 'format:parquet', 'modality:tabular', 'modality:timeseries', 'modality:video', 'library:datasets', 'library:dask', 'library:mlcroissant', 'library:polars', 'arxiv:2511.17441', 'region:us', 'RoboCOIN', 'LeRobot']",True
RoboCOIN/R1_Lite_move_the_position_of_the_triangle_bread,349,0,"['task_categories:robotics', 'language:en', 'language:zh', 'license:apache-2.0', 'size_categories:1K<n<10K', 'format:parquet', 'modality:tabular', 'modality:timeseries', 'modality:video', 'library:datasets', 'library:dask', 'library:mlcroissant', 'library:polars', 'arxiv:2511.17441', 'region:us', 'RoboCOIN', 'LeRobot']",True
RoboCOIN/AIRBOT_MMK2_double-sided_tape_placement,347,0,"['task_categories:robotics', 'language:en', 'language:zh', 'license:apache-2.0', 'size_categories:10K<n<100K', 'format:parquet', 'modality:tabular', 'modality:timeseries', 'modality:video', 'library:datasets', 'library:dask', 'library:mlcroissant', 'library:polars', 'arxiv:2511.17441', 'region:us', 'RoboCOIN', 'LeRobot']",True
RoboCOIN/R1_Lite_open_the_food_pan,345,0,"['task_categories:robotics', 'language:en', 'language:zh', 'license:apache-2.0', 'size_categories:10K<n<100K', 'format:parquet', 'modality:tabular', 'modality:timeseries', 'modality:video', 'library:datasets', 'library:dask', 'library:mlcroissant', 'library:polars', 'arxiv:2511.17441', 'region:us', 'RoboCOIN', 'LeRobot']",True
RoboCOIN/R1_Lite_put_the_pillow_on_the_bed,342,0,"['task_categories:robotics', 'language:en', 'language:zh', 'license:apache-2.0', 'size_categories:10K<n<100K', 'format:parquet', 'modality:tabular', 'modality:timeseries', 'modality:video', 'library:datasets', 'library:dask', 'library:mlcroissant', 'library:polars', 'arxiv:2511.17441', 'region:us', 'RoboCOIN', 'LeRobot']",True
RoboCOIN/AIRBOT_MMK2_place_the_network_cable_and_mouse_box,341,0,"['task_categories:robotics', 'language:en', 'language:zh', 'license:apache-2.0', 'size_categories:10K<n<100K', 'format:parquet', 'modality:tabular', 'modality:timeseries', 'modality:video', 'library:datasets', 'library:dask', 'library:mlcroissant', 'library:polars', 'arxiv:2511.17441', 'region:us', 'RoboCOIN', 'LeRobot']",True
RoboCOIN/Split_aloha_wipe_the_table,339,0,"['task_categories:robotics', 'language:en', 'language:zh', 'license:apache-2.0', 'size_categories:100K<n<1M', 'format:parquet', 'modality:tabular', 'modality:timeseries', 'modality:video', 'library:datasets', 'library:dask', 'library:mlcroissant', 'library:polars', 'arxiv:2511.17441', 'region:us', 'RoboCOIN', 'LeRobot']",True
RoboCOIN/Cobot_Magic_move_the_bread,332,0,"['task_categories:robotics', 'language:en', 'language:zh', 'license:apache-2.0', 'size_categories:10K<n<100K', 'format:parquet', 'modality:tabular', 'modality:timeseries', 'modality:video', 'library:datasets', 'library:dask', 'library:mlcroissant', 'library:polars', 'arxiv:2511.17441', 'region:us', 'RoboCOIN', 'LeRobot']",True
RoboCOIN/AIRBOT_MMK2_place_the_piano_and_the_needle-nose_pliers,329,0,"['task_categories:robotics', 'language:en', 'language:zh', 'license:apache-2.0', 'size_categories:10K<n<100K', 'format:parquet', 'modality:tabular', 'modality:timeseries', 'modality:video', 'library:datasets', 'library:dask', 'library:mlcroissant', 'library:polars', 'arxiv:2511.17441', 'region:us', 'RoboCOIN', 'LeRobot']",True
RoboCOIN/RMC-AIDA-L_basket_storage_orange,327,0,"['task_categories:robotics', 'language:en', 'language:zh', 'license:apache-2.0', 'size_categories:100K<n<1M', 'format:parquet', 'modality:tabular', 'modality:timeseries', 'modality:video', 'library:datasets', 'library:dask', 'library:mlcroissant', 'library:polars', 'arxiv:2511.17441', 'region:us', 'RoboCOIN', 'LeRobot']",True
RoboCOIN/Cobot_Magic_close_button,324,0,"['task_categories:robotics', 'language:en', 'language:zh', 'license:apache-2.0', 'size_categories:10K<n<100K', 'format:parquet', 'modality:tabular', 'modality:timeseries', 'modality:video', 'library:datasets', 'library:dask', 'library:mlcroissant', 'library:polars', 'arxiv:2511.17441', 'region:us', 'RoboCOIN', 'LeRobot']",True
RoboCOIN/R1_Lite_move_the_position_of_the_duck,322,0,"['task_categories:robotics', 'language:en', 'language:zh', 'license:apache-2.0', 'size_categories:10K<n<100K', 'format:parquet', 'modality:tabular', 'modality:timeseries', 'modality:video', 'library:datasets', 'library:dask', 'library:mlcroissant', 'library:polars', 'arxiv:2511.17441', 'region:us', 'RoboCOIN', 'LeRobot']",True
RoboCOIN/AIRBOT_MMK2_place_the_building_blocks,322,0,"['task_categories:robotics', 'language:en', 'language:zh', 'license:apache-2.0', 'size_categories:10K<n<100K', 'format:parquet', 'modality:tabular', 'modality:timeseries', 'modality:video', 'library:datasets', 'library:dask', 'library:mlcroissant', 'library:polars', 'arxiv:2511.17441', 'region:us', 'RoboCOIN', 'LeRobot']",True
RoboCOIN/AIRBOT_MMK2_storage_remote_control_clip_box_water_bottle,322,0,"['task_categories:robotics', 'language:en', 'language:zh', 'license:apache-2.0', 'size_categories:1K<n<10K', 'format:parquet', 'modality:tabular', 'modality:timeseries', 'modality:video', 'library:datasets', 'library:dask', 'library:mlcroissant', 'library:polars', 'arxiv:2511.17441', 'region:us', 'RoboCOIN', 'LeRobot']",True
RoboCOIN/AIRBOT_MMK2_potato_storage,320,0,"['task_categories:robotics', 'language:en', 'language:zh', 'license:apache-2.0', 'size_categories:1K<n<10K', 'format:parquet', 'modality:tabular', 'modality:timeseries', 'modality:video', 'library:datasets', 'library:dask', 'library:mlcroissant', 'library:polars', 'arxiv:2511.17441', 'region:us', 'RoboCOIN', 'LeRobot']",True
RoboCOIN/AIRBOT_MMK2_cake_storage,320,0,"['task_categories:robotics', 'language:en', 'language:zh', 'license:apache-2.0', 'size_categories:1K<n<10K', 'format:parquet', 'modality:tabular', 'modality:timeseries', 'modality:video', 'library:datasets', 'library:dask', 'library:mlcroissant', 'library:polars', 'arxiv:2511.17441', 'region:us', 'RoboCOIN', 'LeRobot']",True
RoboCOIN/Split_aloha_wipe_table,320,0,"['task_categories:robotics', 'language:en', 'language:zh', 'license:apache-2.0', 'size_categories:100K<n<1M', 'format:parquet', 'modality:tabular', 'modality:timeseries', 'modality:video', 'library:datasets', 'library:dask', 'library:mlcroissant', 'library:polars', 'arxiv:2511.17441', 'region:us', 'RoboCOIN', 'LeRobot']",True
RoboCOIN/RMC-AIDA-L_get_water,319,0,"['task_categories:robotics', 'language:en', 'language:zh', 'license:apache-2.0', 'size_categories:100K<n<1M', 'format:parquet', 'modality:tabular', 'modality:timeseries', 'modality:video', 'library:datasets', 'library:dask', 'library:mlcroissant', 'library:polars', 'arxiv:2511.17441', 'region:us', 'RoboCOIN', 'LeRobot']",True
RoboCOIN/AIRBOT_MMK2_pull_the_syringe_piston,318,0,"['task_categories:robotics', 'language:en', 'language:zh', 'license:apache-2.0', 'size_categories:1K<n<10K', 'format:parquet', 'modality:tabular', 'modality:timeseries', 'modality:video', 'library:datasets', 'library:dask', 'library:mlcroissant', 'library:polars', 'arxiv:2511.17441', 'region:us', 'RoboCOIN', 'LeRobot']",True
RoboCOIN/Cobot_Magic_move_beverage,317,0,"['task_categories:robotics', 'language:en', 'language:zh', 'license:apache-2.0', 'size_categories:10K<n<100K', 'format:parquet', 'modality:tabular', 'modality:timeseries', 'modality:video', 'library:datasets', 'library:dask', 'library:mlcroissant', 'library:polars', 'arxiv:2511.17441', 'region:us', 'RoboCOIN', 'LeRobot']",True
RoboCOIN/Split_aloha_basket_storage_long_bread,313,0,"['task_categories:robotics', 'language:en', 'language:zh', 'license:apache-2.0', 'size_categories:100K<n<1M', 'format:parquet', 'modality:tabular', 'modality:timeseries', 'modality:video', 'library:datasets', 'library:dask', 'library:mlcroissant', 'library:polars', 'arxiv:2511.17441', 'region:us', 'RoboCOIN', 'LeRobot']",True
RoboCOIN/R1_Lite_put_the_shoes_into_the_shoe_box,311,0,"['task_categories:robotics', 'language:en', 'language:zh', 'license:apache-2.0', 'size_categories:10K<n<100K', 'format:parquet', 'modality:tabular', 'modality:timeseries', 'modality:video', 'library:datasets', 'library:dask', 'library:mlcroissant', 'library:polars', 'arxiv:2511.17441', 'region:us', 'RoboCOIN', 'LeRobot']",True
RoboCOIN/Cobot_Magic_food_packaging,308,0,"['task_categories:robotics', 'language:en', 'language:zh', 'license:apache-2.0', 'size_categories:1M<n<10M', 'format:parquet', 'modality:tabular', 'modality:timeseries', 'modality:video', 'library:datasets', 'library:dask', 'library:mlcroissant', 'library:polars', 'arxiv:2511.17441', 'region:us', 'RoboCOIN', 'LeRobot']",True
RoboCOIN/AIRBOT_MMK2_place_the_blue_and_purple_blocks,307,0,"['task_categories:robotics', 'language:en', 'language:zh', 'license:apache-2.0', 'size_categories:10K<n<100K', 'format:parquet', 'modality:tabular', 'modality:timeseries', 'modality:video', 'library:datasets', 'library:dask', 'library:mlcroissant', 'library:polars', 'arxiv:2511.17441', 'region:us', 'RoboCOIN', 'LeRobot']",True
RoboCOIN/AIRBOT_MMK2_organize_and_place_books,306,0,"['task_categories:robotics', 'language:en', 'language:zh', 'license:apache-2.0', 'size_categories:1K<n<10K', 'format:parquet', 'modality:tabular', 'modality:timeseries', 'modality:video', 'library:datasets', 'library:dask', 'library:mlcroissant', 'library:polars', 'arxiv:2511.17441', 'region:us', 'RoboCOIN', 'LeRobot']",True
RoboCOIN/R1_Lite_move_the_position_of_the_black_marker,299,0,"['task_categories:robotics', 'language:en', 'language:zh', 'license:apache-2.0', 'size_categories:10K<n<100K', 'format:parquet', 'modality:tabular', 'modality:timeseries', 'modality:video', 'library:datasets', 'library:dask', 'library:mlcroissant', 'library:polars', 'arxiv:2511.17441', 'region:us', 'RoboCOIN', 'LeRobot']",True
RoboCOIN/AIRBOT_MMK2_storage_tissue_and_milk_carton,297,0,"['task_categories:robotics', 'language:en', 'language:zh', 'license:apache-2.0', 'size_categories:1K<n<10K', 'format:parquet', 'modality:tabular', 'modality:timeseries', 'modality:video', 'library:datasets', 'library:dask', 'library:mlcroissant', 'library:polars', 'arxiv:2511.17441', 'region:us', 'RoboCOIN', 'LeRobot']",True
RoboCOIN/Cobot_Magic_pushing_magnet,297,0,"['task_categories:robotics', 'language:en', 'language:zh', 'license:apache-2.0', 'size_categories:10K<n<100K', 'format:parquet', 'modality:tabular', 'modality:timeseries', 'modality:video', 'library:datasets', 'library:dask', 'library:mlcroissant', 'library:polars', 'arxiv:2511.17441', 'region:us', 'RoboCOIN', 'LeRobot']",True
RoboCOIN/Cobot_Magic_move_the_ball,297,0,"['task_categories:robotics', 'language:en', 'language:zh', 'license:apache-2.0', 'size_categories:10K<n<100K', 'format:parquet', 'modality:tabular', 'modality:timeseries', 'modality:video', 'library:datasets', 'library:dask', 'library:mlcroissant', 'library:polars', 'arxiv:2511.17441', 'region:us', 'RoboCOIN', 'LeRobot']",True
RoboCOIN/AIRBOT_MMK2_screw_the_bottle_cap,296,0,"['task_categories:robotics', 'language:en', 'language:zh', 'license:apache-2.0', 'size_categories:10K<n<100K', 'format:parquet', 'modality:tabular', 'modality:timeseries', 'modality:video', 'library:datasets', 'library:dask', 'library:mlcroissant', 'library:polars', 'arxiv:2511.17441', 'region:us', 'RoboCOIN', 'LeRobot']",True
RoboCOIN/R1_Lite_garbage_disposal,295,0,"['task_categories:robotics', 'language:en', 'language:zh', 'license:apache-2.0', 'size_categories:10K<n<100K', 'format:parquet', 'modality:tabular', 'modality:timeseries', 'modality:video', 'library:datasets', 'library:dask', 'library:mlcroissant', 'library:polars', 'arxiv:2511.17441', 'region:us', 'RoboCOIN', 'LeRobot']",True
RoboCOIN/AIRBOT_MMK2_storage_toy_cars_and_cookies,295,0,"['task_categories:robotics', 'language:en', 'language:zh', 'license:apache-2.0', 'size_categories:1K<n<10K', 'format:parquet', 'modality:tabular', 'modality:timeseries', 'modality:video', 'library:datasets', 'library:dask', 'library:mlcroissant', 'library:polars', 'arxiv:2511.17441', 'region:us', 'RoboCOIN', 'LeRobot']",True
RoboCOIN/R1_Lite_move_the_position_of_the_apple,292,0,"['task_categories:robotics', 'language:en', 'language:zh', 'license:apache-2.0', 'size_categories:1K<n<10K', 'format:parquet', 'modality:tabular', 'modality:timeseries', 'modality:video', 'library:datasets', 'library:dask', 'library:mlcroissant', 'library:polars', 'arxiv:2511.17441', 'region:us', 'RoboCOIN', 'LeRobot']",True
RoboCOIN/R1_Lite_build_blocks,289,0,"['task_categories:robotics', 'language:en', 'language:zh', 'license:apache-2.0', 'size_categories:10K<n<100K', 'format:parquet', 'modality:tabular', 'modality:timeseries', 'modality:video', 'library:datasets', 'library:dask', 'library:mlcroissant', 'library:polars', 'arxiv:2511.17441', 'region:us', 'RoboCOIN', 'LeRobot']",True
RoboCOIN/AIRBOT_MMK2_place_the_small_bowl_of_canned_food,289,0,"['task_categories:robotics', 'language:en', 'language:zh', 'license:apache-2.0', 'size_categories:1K<n<10K', 'format:parquet', 'modality:tabular', 'modality:timeseries', 'modality:video', 'library:datasets', 'library:dask', 'library:mlcroissant', 'library:polars', 'arxiv:2511.17441', 'region:us', 'RoboCOIN', 'LeRobot']",True
RoboCOIN/AIRBOT_MMK2_place_the_umbrella_and_the_ruler,289,0,"['task_categories:robotics', 'language:en', 'language:zh', 'license:apache-2.0', 'size_categories:1K<n<10K', 'format:parquet', 'modality:tabular', 'modality:timeseries', 'modality:video', 'library:datasets', 'library:dask', 'library:mlcroissant', 'library:polars', 'arxiv:2511.17441', 'region:us', 'RoboCOIN', 'LeRobot']",True
RoboCOIN/AIRBOT_MMK2_storage_wet_tissue_and_building_block,288,0,"['task_categories:robotics', 'language:en', 'language:zh', 'license:apache-2.0', 'size_categories:10K<n<100K', 'format:parquet', 'modality:tabular', 'modality:timeseries', 'modality:video', 'library:datasets', 'library:dask', 'library:mlcroissant', 'library:polars', 'arxiv:2511.17441', 'region:us', 'RoboCOIN', 'LeRobot']",True
RoboCOIN/Cobot_Magic_move_plate,286,0,"['task_categories:robotics', 'language:en', 'language:zh', 'license:apache-2.0', 'size_categories:10K<n<100K', 'format:parquet', 'modality:tabular', 'modality:timeseries', 'modality:video', 'library:datasets', 'library:dask', 'library:mlcroissant', 'library:polars', 'arxiv:2511.17441', 'region:us', 'RoboCOIN', 'LeRobot']",True
RoboCOIN/Cobot_Magic_mobile_cube,283,0,"['task_categories:robotics', 'language:en', 'language:zh', 'license:apache-2.0', 'size_categories:10K<n<100K', 'format:parquet', 'modality:tabular', 'modality:timeseries', 'modality:video', 'library:datasets', 'library:dask', 'library:mlcroissant', 'library:polars', 'arxiv:2511.17441', 'region:us', 'RoboCOIN', 'LeRobot']",True
RoboCOIN/AIRBOT_MMK2_place_the_shark_toys_and_gold_bars,282,0,"['task_categories:robotics', 'language:en', 'language:zh', 'license:apache-2.0', 'size_categories:1K<n<10K', 'format:parquet', 'modality:tabular', 'modality:timeseries', 'modality:video', 'library:datasets', 'library:dask', 'library:mlcroissant', 'library:polars', 'arxiv:2511.17441', 'region:us', 'RoboCOIN', 'LeRobot']",True
RoboCOIN/R1_Lite_move_the_position_of_the_glass,282,0,"['task_categories:robotics', 'language:en', 'language:zh', 'license:apache-2.0', 'size_categories:10K<n<100K', 'format:parquet', 'modality:tabular', 'modality:timeseries', 'modality:video', 'library:datasets', 'library:dask', 'library:mlcroissant', 'library:polars', 'arxiv:2511.17441', 'region:us', 'RoboCOIN', 'LeRobot']",True
RoboCOIN/AIRBOT_MMK2_place_the_pliers_and_wallpaper_knife,279,0,"['task_categories:robotics', 'language:en', 'language:zh', 'license:apache-2.0', 'size_categories:1K<n<10K', 'format:parquet', 'modality:tabular', 'modality:timeseries', 'modality:video', 'library:datasets', 'library:dask', 'library:mlcroissant', 'library:polars', 'arxiv:2511.17441', 'region:us', 'RoboCOIN', 'LeRobot']",True
RoboCOIN/R1_Lite_move_the_position_of_the_brush,277,0,"['task_categories:robotics', 'language:en', 'language:zh', 'license:apache-2.0', 'size_categories:10K<n<100K', 'format:parquet', 'modality:tabular', 'modality:timeseries', 'modality:video', 'library:datasets', 'library:dask', 'library:mlcroissant', 'library:polars', 'arxiv:2511.17441', 'region:us', 'RoboCOIN', 'LeRobot']",True
RoboCOIN/AIRBOT_MMK2_square_arrangement,276,0,"['task_categories:robotics', 'language:en', 'language:zh', 'license:apache-2.0', 'size_categories:1K<n<10K', 'format:parquet', 'modality:tabular', 'modality:timeseries', 'modality:video', 'library:datasets', 'library:dask', 'library:mlcroissant', 'library:polars', 'arxiv:2511.17441', 'region:us', 'RoboCOIN', 'LeRobot']",True
RoboCOIN/AIRBOT_MMK2_storage_computer_box,276,0,"['task_categories:robotics', 'language:en', 'language:zh', 'license:apache-2.0', 'size_categories:10K<n<100K', 'format:parquet', 'modality:tabular', 'modality:timeseries', 'modality:video', 'library:datasets', 'library:dask', 'library:mlcroissant', 'library:polars', 'arxiv:2511.17441', 'region:us', 'RoboCOIN', 'LeRobot']",True
RoboCOIN/RMC-AIDA-L_fold_towel,276,0,"['task_categories:robotics', 'language:en', 'language:zh', 'license:apache-2.0', 'size_categories:100K<n<1M', 'format:parquet', 'modality:tabular', 'modality:timeseries', 'modality:video', 'library:datasets', 'library:dask', 'library:mlcroissant', 'library:polars', 'arxiv:2511.17441', 'region:us', 'RoboCOIN', 'LeRobot']",True
RoboCOIN/R1_Lite_move_the_position_of_the_orange,275,0,"['task_categories:robotics', 'language:en', 'language:zh', 'license:apache-2.0', 'size_categories:10K<n<100K', 'format:parquet', 'modality:tabular', 'modality:timeseries', 'modality:video', 'library:datasets', 'library:dask', 'library:mlcroissant', 'library:polars', 'arxiv:2511.17441', 'region:us', 'RoboCOIN', 'LeRobot']",True
RoboCOIN/Cobot_Magic_move_the_ball_interference,274,0,"['task_categories:robotics', 'language:en', 'language:zh', 'license:apache-2.0', 'size_categories:10K<n<100K', 'format:parquet', 'modality:tabular', 'modality:timeseries', 'modality:video', 'library:datasets', 'library:dask', 'library:mlcroissant', 'library:polars', 'arxiv:2511.17441', 'region:us', 'RoboCOIN', 'LeRobot']",True
RoboCOIN/Cobot_Magic_cube_reset,268,0,"['task_categories:robotics', 'language:en', 'language:zh', 'license:apache-2.0', 'size_categories:10K<n<100K', 'format:parquet', 'modality:tabular', 'modality:timeseries', 'modality:video', 'library:datasets', 'library:dask', 'library:mlcroissant', 'library:polars', 'arxiv:2511.17441', 'region:us', 'RoboCOIN', 'LeRobot']",True
RoboCOIN/AIRBOT_MMK2_take_the_book,268,0,"['task_categories:robotics', 'language:en', 'language:zh', 'license:apache-2.0', 'size_categories:1K<n<10K', 'format:parquet', 'modality:tabular', 'modality:timeseries', 'modality:video', 'library:datasets', 'library:dask', 'library:mlcroissant', 'library:polars', 'arxiv:2511.17441', 'region:us', 'RoboCOIN', 'LeRobot']",True
RoboCOIN/AIRBOT_MMK2_organize_books,268,0,"['task_categories:robotics', 'language:en', 'language:zh', 'license:apache-2.0', 'size_categories:1K<n<10K', 'format:parquet', 'modality:tabular', 'modality:timeseries', 'modality:video', 'library:datasets', 'library:dask', 'library:mlcroissant', 'library:polars', 'arxiv:2511.17441', 'region:us', 'RoboCOIN', 'LeRobot']",True
RoboCOIN/AIRBOT_MMK2_desktop_storage,267,0,"['task_categories:robotics', 'language:en', 'language:zh', 'license:apache-2.0', 'size_categories:1K<n<10K', 'format:parquet', 'modality:tabular', 'modality:timeseries', 'modality:video', 'library:datasets', 'library:dask', 'library:mlcroissant', 'library:polars', 'arxiv:2511.17441', 'region:us', 'RoboCOIN', 'LeRobot']",True
RoboCOIN/AIRBOT_MMK2_close_the_computer,264,0,"['task_categories:robotics', 'language:en', 'language:zh', 'license:apache-2.0', 'size_categories:1K<n<10K', 'format:parquet', 'modality:tabular', 'modality:timeseries', 'modality:video', 'library:datasets', 'library:dask', 'library:mlcroissant', 'library:polars', 'arxiv:2511.17441', 'region:us', 'RoboCOIN', 'LeRobot']",True
RoboCOIN/AIRBOT_MMK2_store_pomegranates_and_mangoes,264,0,"['task_categories:robotics', 'language:en', 'language:zh', 'license:apache-2.0', 'size_categories:10K<n<100K', 'format:parquet', 'modality:tabular', 'modality:timeseries', 'modality:video', 'library:datasets', 'library:dask', 'library:mlcroissant', 'library:polars', 'arxiv:2511.17441', 'region:us', 'RoboCOIN', 'LeRobot']",True
RoboCOIN/R1_Lite_move_the_position_of_the_cookie,263,0,"['task_categories:robotics', 'language:en', 'language:zh', 'license:apache-2.0', 'size_categories:1K<n<10K', 'format:parquet', 'modality:tabular', 'modality:timeseries', 'modality:video', 'library:datasets', 'library:dask', 'library:mlcroissant', 'library:polars', 'arxiv:2511.17441', 'region:us', 'RoboCOIN', 'LeRobot']",True
RoboCOIN/Cobot_Magic_plate_storage_bread,262,0,"['task_categories:robotics', 'language:en', 'language:zh', 'license:apache-2.0', 'size_categories:10K<n<100K', 'format:parquet', 'modality:tabular', 'modality:timeseries', 'modality:video', 'library:datasets', 'library:dask', 'library:mlcroissant', 'library:polars', 'arxiv:2511.17441', 'region:us', 'RoboCOIN', 'LeRobot']",True
RoboCOIN/Cobot_Magic_fold_towel_a,261,0,"['task_categories:robotics', 'language:en', 'language:zh', 'license:apache-2.0', 'size_categories:10K<n<100K', 'format:parquet', 'modality:tabular', 'modality:timeseries', 'modality:video', 'library:datasets', 'library:dask', 'library:mlcroissant', 'library:polars', 'arxiv:2511.17441', 'region:us', 'RoboCOIN', 'LeRobot']",True
RoboCOIN/AIRBOT_MMK2_storage_rubiks_cube_and_cup,261,0,"['task_categories:robotics', 'language:en', 'language:zh', 'license:apache-2.0', 'size_categories:10K<n<100K', 'format:parquet', 'modality:tabular', 'modality:timeseries', 'modality:video', 'library:datasets', 'library:dask', 'library:mlcroissant', 'library:polars', 'arxiv:2511.17441', 'region:us', 'RoboCOIN', 'LeRobot']",True
RoboCOIN/R1_Lite_move_the_position_of_the_long_bread,257,0,"['task_categories:robotics', 'language:en', 'language:zh', 'license:apache-2.0', 'size_categories:1K<n<10K', 'format:parquet', 'modality:tabular', 'modality:timeseries', 'modality:video', 'library:datasets', 'library:dask', 'library:mlcroissant', 'library:polars', 'arxiv:2511.17441', 'region:us', 'RoboCOIN', 'LeRobot']",True
RoboCOIN/AIRBOT_MMK2_play_the_guitar,257,0,"['task_categories:robotics', 'language:en', 'language:zh', 'license:apache-2.0', 'size_categories:1K<n<10K', 'format:parquet', 'modality:tabular', 'modality:timeseries', 'modality:video', 'library:datasets', 'library:dask', 'library:mlcroissant', 'library:polars', 'arxiv:2511.17441', 'region:us', 'RoboCOIN', 'LeRobot']",True
RoboCOIN/AIRBOT_MMK2_storage_spoon,257,0,"['task_categories:robotics', 'language:en', 'language:zh', 'license:apache-2.0', 'size_categories:10K<n<100K', 'format:parquet', 'modality:tabular', 'modality:timeseries', 'modality:video', 'library:datasets', 'library:dask', 'library:mlcroissant', 'library:polars', 'arxiv:2511.17441', 'region:us', 'RoboCOIN', 'LeRobot']",True
RoboCOIN/AIRBOT_MMK2_take_down_paper_cup,253,0,"['task_categories:robotics', 'language:en', 'language:zh', 'license:apache-2.0', 'size_categories:1K<n<10K', 'format:parquet', 'modality:tabular', 'modality:timeseries', 'modality:video', 'library:datasets', 'library:dask', 'library:mlcroissant', 'library:polars', 'arxiv:2511.17441', 'region:us', 'RoboCOIN', 'LeRobot']",True
RoboCOIN/R1_Lite_tableware_arrangement,249,0,"['task_categories:robotics', 'language:en', 'language:zh', 'license:apache-2.0', 'size_categories:10K<n<100K', 'format:parquet', 'modality:tabular', 'modality:timeseries', 'modality:video', 'library:datasets', 'library:dask', 'library:mlcroissant', 'library:polars', 'arxiv:2511.17441', 'region:us', 'RoboCOIN', 'LeRobot']",True
RoboCOIN/Cobot_Magic_put_the_building_block_on_the_table,248,0,"['task_categories:robotics', 'language:en', 'language:zh', 'license:apache-2.0', 'size_categories:10K<n<100K', 'format:parquet', 'modality:tabular', 'modality:timeseries', 'modality:video', 'library:datasets', 'library:dask', 'library:mlcroissant', 'library:polars', 'arxiv:2511.17441', 'region:us', 'RoboCOIN', 'LeRobot']",True
RoboCOIN/Cobot_Magic_move_the_cup,247,0,"['task_categories:robotics', 'language:en', 'language:zh', 'license:apache-2.0', 'size_categories:10K<n<100K', 'format:parquet', 'modality:tabular', 'modality:timeseries', 'modality:video', 'library:datasets', 'library:dask', 'library:mlcroissant', 'library:polars', 'arxiv:2511.17441', 'region:us', 'RoboCOIN', 'LeRobot']",True
RoboCOIN/R1_Lite_move_the_position_of_the_pen,245,0,"['task_categories:robotics', 'language:en', 'language:zh', 'license:apache-2.0', 'size_categories:10K<n<100K', 'format:parquet', 'modality:tabular', 'modality:timeseries', 'modality:video', 'library:datasets', 'library:dask', 'library:mlcroissant', 'library:polars', 'arxiv:2511.17441', 'region:us', 'RoboCOIN', 'LeRobot']",True
RoboCOIN/AIRBOT_MMK2_storage_tissue_paper,244,0,"['task_categories:robotics', 'language:en', 'language:zh', 'license:apache-2.0', 'size_categories:1K<n<10K', 'format:parquet', 'modality:tabular', 'modality:timeseries', 'modality:video', 'library:datasets', 'library:dask', 'library:mlcroissant', 'library:polars', 'arxiv:2511.17441', 'region:us', 'RoboCOIN', 'LeRobot']",True
RoboCOIN/AIRBOT_MMK2_place_the_yellow_block,242,0,"['task_categories:robotics', 'language:en', 'language:zh', 'license:apache-2.0', 'size_categories:10K<n<100K', 'format:parquet', 'modality:tabular', 'modality:timeseries', 'modality:video', 'library:datasets', 'library:dask', 'library:mlcroissant', 'library:polars', 'arxiv:2511.17441', 'region:us', 'RoboCOIN', 'LeRobot']",True
RoboCOIN/AIRBOT_MMK2_storage_box_for_mouse_and_sponge,242,0,"['task_categories:robotics', 'language:en', 'language:zh', 'license:apache-2.0', 'size_categories:1K<n<10K', 'format:parquet', 'modality:tabular', 'modality:timeseries', 'modality:video', 'library:datasets', 'library:dask', 'library:mlcroissant', 'library:polars', 'arxiv:2511.17441', 'region:us', 'RoboCOIN', 'LeRobot']",True
RoboCOIN/AIRBOT_MMK2_store_peaches_and_pears,235,0,"['task_categories:robotics', 'language:en', 'language:zh', 'license:apache-2.0', 'size_categories:10K<n<100K', 'format:parquet', 'modality:tabular', 'modality:timeseries', 'modality:video', 'library:datasets', 'library:dask', 'library:mlcroissant', 'library:polars', 'arxiv:2511.17441', 'region:us', 'RoboCOIN', 'LeRobot']",True
RoboCOIN/Cobot_Magic_turn_on_the_bulb,203,0,"['task_categories:robotics', 'language:en', 'language:zh', 'license:apache-2.0', 'size_categories:1K<n<10K', 'format:parquet', 'modality:tabular', 'modality:timeseries', 'modality:video', 'library:datasets', 'library:dask', 'library:mlcroissant', 'library:polars', 'arxiv:2511.17441', 'region:us', 'RoboCOIN', 'LeRobot']",True
RoboCOIN/R1_Lite_cook_a_meal,99,0,"['task_categories:robotics', 'language:en', 'language:zh', 'license:apache-2.0', 'size_categories:100K<n<1M', 'format:parquet', 'modality:tabular', 'modality:timeseries', 'modality:video', 'library:datasets', 'library:dask', 'library:mlcroissant', 'library:polars', 'arxiv:2511.17441', 'region:us', 'RoboCOIN', 'LeRobot']",True
RoboCOIN/Galbot_g1_steamer_storage_baozi_b,87,0,"['task_categories:robotics', 'language:en', 'language:zh', 'license:apache-2.0', 'size_categories:100K<n<1M', 'format:parquet', 'modality:tabular', 'modality:timeseries', 'modality:video', 'library:datasets', 'library:dask', 'library:mlcroissant', 'library:polars', 'arxiv:2511.17441', 'region:us', 'RoboCOIN', 'LeRobot']",True
RoboCOIN/Cobot_Magic_drawer_storage_mineral_water,80,0,"['task_categories:robotics', 'language:en', 'language:zh', 'license:apache-2.0', 'size_categories:10K<n<100K', 'format:parquet', 'modality:tabular', 'modality:timeseries', 'modality:video', 'library:datasets', 'library:dask', 'library:mlcroissant', 'library:polars', 'arxiv:2511.17441', 'region:us', 'RoboCOIN', 'LeRobot']",True
RoboCOIN/AgiBot-g1_mobile_accessory_storage_box_d,69,0,"['task_categories:robotics', 'language:en', 'language:zh', 'license:apache-2.0', 'size_categories:10K<n<100K', 'format:parquet', 'modality:tabular', 'modality:timeseries', 'modality:video', 'library:datasets', 'library:dask', 'library:mlcroissant', 'library:polars', 'arxiv:2511.17441', 'region:us', 'RoboCOIN', 'LeRobot']",True
RoboCOIN/G1edu-u3_place_metal_bowl_ae,56,0,"['task_categories:robotics', 'language:en', 'language:zh', 'license:apache-2.0', 'size_categories:1K<n<10K', 'format:parquet', 'modality:tabular', 'modality:timeseries', 'modality:video', 'library:datasets', 'library:dask', 'library:mlcroissant', 'library:polars', 'arxiv:2511.17441', 'region:us', 'RoboCOIN', 'LeRobot']",True
